{
  "__type__": "cc.SpriteFrame",
  "content": {
    "name": "star",
    "atlas": "",
    "rect": {
      "x": 0,
      "y": 4,
      "width": 60,
      "height": 66
    },
    "offset": {
      "x": 0,
      "y": -1.5
    },
    "originalSize": {
      "width": 60,
      "height": 71
    },
    "rotated": false,
    "capInsets": [
      0,
      0,
      0,
      0
    ],
    "vertices": {
      "rawPosition": [
        -30,
        -33,
        0,
        30,
        -33,
        0,
        -30,
        33,
        0,
        30,
        33,
        0
      ],
      "indexes": [
        0,
        1,
        2,
        2,
        1,
        3
      ],
      "uv": [
        0,
        67,
        60,
        67,
        0,
        1,
        60,
        1
      ],
      "nuv": [
        0,
        0.014084507042253521,
        1,
        0.014084507042253521,
        0,
        0.9436619718309859,
        1,
        0.9436619718309859
      ],
      "minPos": {
        "x": -30,
        "y": -33,
        "z": 0
      },
      "maxPos": {
        "x": 30,
        "y": 33,
        "z": 0
      }
    },
    "texture": "61ef5d7a-559a-44e9-8503-4dadda0635dd@6c48a",
    "packable": true,
    "pixelsToUnit": 100,
    "pivot": {
      "x": 0.5,
      "y": 0.5
    },
    "meshType": 0
  }
}